 {
      "filesData": {
        "bucket_name": "S3nw-sls-deploy-668385047392-prod",
        "veracode_appid": 325008,
        "veracode_sandboxid": 385022,
        "data": [
          {
            "directory": "serverless/nwApiGateway/prod/",
            "filename": "nwApiGateway.zip"
          },
          {
            "directory":"serverless/nwClassicIntStreams/prod/",
            "filename": "nwClassicIntStreams.zip"
          },
          {
            "directory":"serverless/nwClassicIntegration/prod/",
            "filename": "nwClassicIntegration.zip"
          },
          {
            "directory":"serverless/nwIAM/prod/",
            "filename": "nwIAM.zip"
          },
          {
            "directory":"serverless/nwInfra/prod/",
            "filename": "nwInfra.zip"
          },
          {
            "directory":"serverless/nwVault/prod/",
            "filename": "nwVault.zip"
          },
          {
            "directory":"serverless/nwWatchlist/prod/",
            "filename": "nwWatchlist.zip"
          },
          {
            "directory":"serverless/nwWatchlistStreams/prod/",
            "filename": "nwWatchlistStreams.zip"
          }
        ]
      }
    }